"","Household Income","","","","","","","","","",""
"","Total","Less than $10,000","$10,000 to $19,999","$20,000 to $29,999","$30,000 to $39,999","$40,000 to $49,999","$50,000 to $59,999","$60,000 to $79,999","$80,000 to $99,999","$100,000 to $119,999","$120,000 or more"
"Characteristics","Estimate","Estimate","Estimate","Estimate","Estimate","Estimate","Estimate","Estimate","Estimate","Estimate","Estimate"
"      Total","118,290","10,740","12,245","12,398","11,639","10,176","8,909","14,829","10,587","7,982","18,784"
"","","","","","","","","","","",""
"Housing Adequacy","","","","","","","","","","",""
"","","","","","","","","","","",""
"Severely inadequate","1,502","314","296","210","125","135","78","133","65","40","103"
"  Plumbing","273","59","100","44","S","S","S","S","S","S","S"
"  Heating","851","158","140","111","79","78","52","96","37","S","79"
"  Electric","141","S","S","S","S","S","S","S","S","S","S"
"  Wiring","31","S","S","S","S","S","S",".",".",".","."
"  Upkeep","304","98","62","40","S","S","S","S","S","S","S"
"Moderately inadequate","5,177","859","800","718","619","438","349","512","308","203","371"
"  Upkeep","2,677","379","397","356","316","238","193","287","170","119","222"
"  Other","2,668","528","438","397","324","204","165","235","140","88","149"
"Adequate","111,611","9,567","11,149","11,469","10,895","9,602","8,482","14,184","10,213","7,740","18,310"
"","","","","","","","","","","",""
"Selected Deficiencies","","","","","","","","","","",""
"","","","","","","","","","","",""
"Signs of mice or rats inside home in last 12 months","13,257","1,294","1,485","1,408","1,337","1,245","930","1,627","1,138","818","1,975"
"Signs of cockroaches in last 12 months","14,011","1,860","1,903","1,690","1,616","1,307","970","1,553","990","660","1,461"
"Holes in floors","1,715","324","312","288","204","139","108","96","94","54","96"
"Open cracks or holes (interior)","7,393","943","1,026","912","796","706","509","825","528","405","744"
"Broken plaster or peeling paint (interior)","2,893","418","451","379","293","271","180","313","218","124","244"
"No electrical wiring","185","36","16","S","S","S","S","S","S","S","S"
"Exposed wiring","3,375","524","416","411","321","252","257","366","224","208","397"
"Rooms without electric outlets","2,740","401","380","362","317","218","216","304","140","100","302"
"","","","","","","","","","","",""
"Flush Toilet Breakdowns","","","","","","","","","","",""
"","","","","","","","","","","",""
"        With one or more flush toilets","118,162","10,708","12,204","12,368","11,638","10,162","8,904","14,829","10,586","7,982","18,781"
"With at least one toilet working at all times in last 3 months","114,625","10,144","11,687","11,940","11,264","9,798","8,648","14,497","10,344","7,817","18,486"
"None working some time in last 3 months","2,447","396","421","342","274","259","164","202","154","82","154"
"  No breakdowns lasting 6 hours or more","550","76","107","76","51","73","43","43","37","S","S"
"  Number of breakdowns that lasted 6 hours or more:","","","","","","","","","","",""
"    1","1,200","156","200","168","146","121","74","111","88","45","92"
"    2","269","51","47","S","S","S","S","S","S","S","S"
"    3","84","S","S","18","S","S","S","S","S",".","S"
"    4 or more","309","100","46","52","S","S","S","S","S","S","S"
"  Number of breakdowns not reported","34","S","S",".","S",".","S","S",".",".","S"
"Breakdowns not reported","1,091","168","96","87","101","105","93","129","88","83","140"
"","","","","","","","","","","",""
"Heating Problems","","","","","","","","","","",""
"","","","","","","","","","","",""
"        With heating equipment and occupied last winter","112,089","9,894","11,429","11,660","10,957","9,686","8,479","14,063","10,109","7,661","18,153"
"Not uncomfortably cold for 24 hours or more","100,922","8,459","9,948","10,383","9,740","8,612","7,709","12,838","9,271","7,071","16,890"
"Uncomfortably cold for 24 hours or more","9,653","1,213","1,308","1,137","1,070","927","668","1,063","698","488","1,081"
"  Equipment breakdowns","3,394","434","457","386","371","325","219","424","220","169","388"
"    No breakdowns lasting 6 hours or more","61","S","S","S","S","S","S","S","S","S","S"
"    Number of breakdowns that lasted 6 hours or more:","","","","","","","","","","",""
"      1","1,885","208","244","203","197","182","122","249","150","97","232"
"      2","552","58","57","61","82","46","34","70","S","48","68"
"      3","265","50","34","42","S","S","S","S","S","S","S"
"      4 or more","586","109","106","69","56","59","29","59","S","S","61"
"    Number of breakdowns not reported","S","S","S","S","S","S","S","S","S",".","."
"  Other causes","6,226","754","849","751","698","597","448","638","477","319","694"
"    Utility interruption","1,398","94","174","145","121","125","96","166","145","117","216"
"    Inadequate heating capacity","1,493","252","270","194","141","135","104","123","119","47","109"
"    Inadequate insulation","1,514","195","227","215","191","151","101","151","103","49","131"
"    Cost of heating","1,020","125","146","142","120","111","65","113","83","36","78"
"    Other","1,379","159","130","149","173","118","116","163","94","78","199"
"    Not reported","S","S","S","S","S",".","S",".","S","S","."
"  Reason for discomfort not reported","S","S","S","S",".","S","S",".",".",".","."
"Discomfort not reported","1,514","222","172","140","147","146","102","163","140","102","181"
"","","","","","","","","","","",""
"Electric Fuses and Circuit Breakers","","","","","","","","","","",""
"","","","","","","","","","","",""
"      With electrical wiring","118,105","10,704","12,229","12,373","11,629","10,157","8,890","14,814","10,568","7,976","18,765"
"No fuses or breakers blown in last 3 months","106,829","9,839","11,249","11,318","10,568","9,208","8,007","13,372","9,539","7,194","16,536"
"With fuses or breakers blown in last 3 months","10,001","676","859","952","938","834","782","1,285","925","695","2,055"
"  1 time","5,294","315","444","494","510","410","430","707","487","390","1,106"
"  2 times","2,327","154","184","182","209","205","146","313","227","154","551"
"  3 times","948","74","93","81","92","66","77","118","111","61","175"
"  4 times or more","1,373","119","134","181","122","149","127","147","99","81","213"
"Number of times not reported","58","S","S","S","S","S","S",".",".","S","S"
"Problem not reported or don’t know","1,275","189","121","103","123","115","101","158","104","87","173"
"","","","","","","","","","","",""
"Water Supply Stoppage","","","","","","","","","","",""
"","","","","","","","","","","",""
"        With hot and cold piped water","118,127","10,699","12,196","12,362","11,629","10,171","8,896","14,827","10,583","7,980","18,783"
"No stoppage in last 3 months","113,232","10,085","11,605","11,817","11,133","9,767","8,518","14,251","10,183","7,712","18,161"
"With stoppage in last 3 months","3,809","446","497","462","395","304","291","443","309","183","479"
"  No stoppage lasting 6 hours or more","770","61","108","82","73","56","57","109","76","31","117"
"  Number of stoppages that lasted 6 hours or more:","","","","","","","","","","",""
"    1","1,863","220","206","185","189","162","154","236","175","95","241"
"    2","580","59","94","83","77","54","45","38","34","S","63"
"    3","199","S","20","47","S","S","S","S","S","S","S"
"    4 or more","374","72","65","64","35","S","S","37","S","S","S"
"  Number of stoppages not reported","S","S","S",".","S","S",".","S","S","S","S"
"Stoppage not reported","1,086","169","94","83","101","99","88","133","92","86","142"
"","","","","","","","","","","",""
"Water Leakage During Last 12 Months","","","","","","","","","","",""
"","","","","","","","","","","",""
"No leakage from inside structure","107,144","9,588","11,003","11,208","10,541","9,257","8,004","13,380","9,581","7,316","17,267"
"With leakage from inside structure","10,015","977","1,147","1,106","999","809","808","1,312","912","582","1,364"
"  Fixtures backed up or overflowed","2,409","216","268","256","218","208","183","357","225","136","342"
"  Pipes leaked","4,539","472","609","516","478","336","366","548","442","224","548"
"  Broken water heater","1,046","119","103","131","87","70","97","159","92","55","132"
"  Other or unknown (includes not reported)","2,661","269","275","273","278","244","198","358","201","191","374"
"Interior leakage not reported","1,131","176","95","84","100","110","97","137","94","85","153"
"","","","","","","","","","","",""
"No leakage from outside structure","105,379","9,514","10,948","11,046","10,307","9,104","7,913","13,223","9,508","7,115","16,701"
"With leakage from outside structure","11,765","1,055","1,195","1,261","1,225","970","891","1,469","984","782","1,934"
"  Roof","6,616","642","728","729","698","550","478","738","524","448","1,081"
"  Basement","2,535","138","186","203","214","188","226","392","300","200","488"
"  Walls, closed windows, or doors","2,394","237","261","285","264","222","184","271","151","153","366"
"  Other or unknown (includes not reported)","1,168","143","128","131","134","99","48","164","70","56","195"
"Exterior leakage not reported","1,146","170","103","91","107","102","104","137","95","85","150"
"","","","","","","","","","","",""
"External Building Conditions","","","","","","","","","","",""
"","","","","","","","","","","",""
"Sagging roof","2,164","323","303","289","229","188","122","254","158","99","200"
"Missing roofing material","3,283","391","404","398","269","307","239","407","263","218","387"
"Hole in roof","1,523","298","247","207","153","124","91","145","49","71","140"
"Missing bricks, siding, or other outside wall material","2,642","408","345","300","275","218","153","294","237","166","246"
"Sloping outside walls","1,255","231","200","145","127","99","79","145","89","48","92"
"Boarded up windows","1,187","215","159","176","138","109","67","124","84","49","66"
"Broken windows","4,314","537","580","544","453","367","304","547","305","218","458"
"Bars on windows","2,661","301","357","316","300","201","203","330","179","147","326"
"Foundation crumbling or has open crack or hole","6,095","574","597","735","630","571","463","752","524","405","844"
"None of the above","72,150","4,418","5,781","6,421","6,451","6,088","5,580","9,619","7,412","5,861","14,519"
"Not reported","242","S","S","S","S","S","S","31","S","S","47"
"","","","","","","","","","","",""
"Mold","","","","","","","","","","",""
"","","","","","","","","","","",""
"      Housing units with mold in last 12 months","4,302","612","650","569","471","378","279","458","281","205","401"
"Kitchen","680","111","149","102","69","38","35","48","39","45","44"
"Bathroom(s)","1,938","305","331","283","239","166","123","157","111","78","146"
"Bedroom(s)","1,123","182","178","165","146","95","68","100","59","49","81"
"Living room","564","125","82","93","47","51","S","50","S","32","S"
"Basement","713","73","66","98","63","60","52","100","59","46","97"
"Other room","544","65","67","61","42","51","36","80","45","S","71"
"Not reported","1,205","201","108","102","109","116","100","137","95","86","150"
"","","","","","","","","","","",""
"Sewage Disposal Breakdowns","","","","","","","","","","",""
"","","","","","","","","","","",""
"With public sewer","94,062","9,035","9,967","9,985","9,151","8,057","7,005","11,484","8,228","6,301","14,850"
"  No breakdowns in last 3 months","92,680","8,815","9,747","9,835","9,025","7,936","6,920","11,324","8,162","6,216","14,700"
"  With breakdown(s) in last 3 months","1,382","220","220","150","126","121","85","160","65","84","150"
"    No breakdowns lasting 6 hours or more","223","29","39","S","S","S","S","22","S","S","S"
"    Number of breakdowns that lasted 6 hours or more:","","","","","","","","","","",""
"      1","732","98","98","74","56","90","49","80","39","59","90"
"      2","168","S","29","34","S","S","S","S","S","S","S"
"      3","80","S","S","S","S","S","S","S","S",".","S"
"      4 or more","178","45","42","S","S","S","S","S","S","S","S"
"","","","","","","","","","","",""
"With septic tank or cesspool","23,217","1,503","2,173","2,368","2,393","2,051","1,829","3,214","2,275","1,618","3,793"
"  No breakdowns in last 3 months","22,826","1,455","2,152","2,311","2,317","2,024","1,818","3,166","2,240","1,600","3,743"
"  With breakdown(s) in last 3 months","391","48","S","57","76","S","S","48","35","S","50"
"    No breakdowns lasting 6 hours or more","45","S",".","S","S","S","S",".","S","S","S"
"    Number of breakdowns that lasted 6 hours or more:","","","","","","","","","","",""
"      1","262","S","S","S","56","S","S","39","S","S","39"
"      2","43","S",".","S","S","S",".","S","S",".","S"
"      3","S","S",".",".",".","S","S","S",".","S","."
"      4 or more","S","S","S","S","S",".","S","S",".","S","."
"","","","","","","","","","","",""